user_id,password
1,^ZF&O1Rh
2,*0L5*m^p
3,rtp#2YBh
4,@ty^3S^c
5,%nq3sMps
6,+VVu5VRq
7,&0J1WSt4
8,z$0WIrsZ
9,%q7S7opq
10,3k+9AYzu
11,Q#4K@)Cg
12,e*F3PCFj
13,*nu!1bWt
14,3!3wHhs!
15,_L5#ZPmg
16,^0^TBcok
17,@d07pY!w
18,^fMV9Qnw
19,oln*c2Ru
20,_#&3vgMg
21,F*n7K6iX
22,Y(8Ztum@
23,!W)81pMs
24,K1!X3LtQ
25,+5(3*SJr
26,&6Eug3_x
27,+Co@4ZKq
28,+R&99ZoN
29,*5i7XDrk
30,X#9&R!iw
31,g)52UqsZ
32,7@&^9Ptj
33,%yS0LKLa
34,&36YVMuy
35,@U)41WUs
36,*1Fequ7k
37,p(DxE4Hp
38,A@X8pMOj
39,A+#T1QwU
40,SFz(3nRj
41,%yJH9ArR
42,&L6IM_zO
43,M!8&6ESd
44,74p#2LPd
45,i(6lDKh#
46,J@5ZP$gO
47,B&b2pGjb
48,e(3ZSkg0
49,^@M6YwUr
50,c+N4bOeQ
51,V+5WynF8
52,&2LBeN%n
53,+EQ69Ql3
54,i_6QJeJm
55,NR^3m_Ys
56,&7O_OMe#
57,X)^Pg9Wz
58,%o9TZfm&
59,(7897Jdj
60,CV)9J7kl
61,#2WVUyVs
62,BW$3UdCF
63,&4+68@An
64,s_Q6cJKq
65,+K0lORbe
66,_58ohW3g
67,AtR*5Ocv
68,1)9(5Enp
69,*6HRVdPY
70,T2$70JLs
71,!(rG7Ecw
72,^pA&^7Rr
73,$D7#Q6lT
74,U+$7hPUz
75,&45RveAy
76,nL@4ACf7
77,N_(76Btl
78,(E0^UfkK
79,Ky&0ExYf
80,MJ#j7FGh
81,2*Zy1Wtm
82,Yz0^9J(z
83,Q(bLY6Yo
84,*x^wa8Vt
85,@52s2CGo
86,j!!8QrHp
87,*v_26Dj3
88,_Z2RyljW
89,$f7LIJBp
90,@I0DDZn^
91,L5@V4Coy
92,##2uVVyz
93,$6&URUim
94,_K2Ymp^l
95,F#06DPnj
96,hxN7#6Hu
97,U+oM87Pr
98,C%81R&b+
99,)7rnZhnC
100,%4n&GQ1t
101,@7++%1Sl
102,C(LD1PBv
103,Q^8YXf0R
104,Y%0P9RMu
105,n@w86cFt
106,RY@9oNtg
107,^7N*Uwkr
108,_O6VQjIV
109,&c8DeLyc
110,@LN1FulB
111,H^v9hT0s
112,@1tVuM%k
113,+!Jn1N&d
114,^V$9dNNl
115,f$0RNJ(u
116,&5*HkAw#
117,N&L30K#y
118,tM+970Ka
119,)+Z6DJZy
120,WN*66pKr
121,d!Hd3Tfz
122,e#R5+Fp9
123,c^5BIRng
124,!$QHA5Ey
125,+M4X+b^c
126,!)+7Iy^P
127,&0z6kJsp
128,%JV6B0Lc
129,$5mO(Tcw
130,%9YsXJr4
131,j&ad6Ani
132,#+0ZIKHp
133,w(1O5WWf
134,1&2#YiA8
135,A(P9Xbw@
136,_0IE(@jX
137,%9&F5^p9
138,p#2G4njS
139,_0GY)(qx
140,!2nNk^kk
141,&LdG7Stb
142,&5OHJO9w
143,&2Yjth4&
144,_5v_gX6z
145,_K9!B7qO
146,)GR1gGlY
147,$M9bS++j
148,*OA2VgUu
149,xI!+8Ckq
150,^jknC6Cs
151,*7OvLZlM
152,^3WHE&Gu
153,B^3HBnXx
154,(+sw3G0p
155,X_62YRTu
156,%d6JacVw
157,254$1mXe
158,U!08mIav
159,z@n0bFQn
160,)4XO4o$p
161,$2EmFLr%
162,iZ$m4uVg
163,_G35QwWc
164,E%7ApiLw
165,^9sh@JCe
166,@c5qa0Df
167,(n24$$Ss
168,8)2Z2wkv
169,&v08Qbdv
170,$pH%$7Ky
171,$Z6Wdm77
172,#0#3QrGw
173,^8KuAsMf
174,*3ZpokwW
175,!u5q77Dl
176,+(^6EF7g
177,$3jAX89e
178,HK*%6kHn
179,$2NeXMAo
180,%8Cl&DIV
181,@+H#7UbB
182,^C5Q8lYb
183,)5!jl9Gb
184,cF^9DcyF
185,_@8NZUt6
186,(j7O#xBk
187,y)H26*Wg
188,R%K63mWo
189,*(^@2UYx
190,)qP!7I&d
191,_#7RLAWm
192,*nN9M+x)
193,cx!7Ys!m
194,#74Yqb!p
195,%7fLa#Fh
196,%6F8A*Tv
197,I$1@rEk7
198,w@q6VLgt
199,#aY8wRlK
200,!L7X4kGo
201,#WZ9Sg*v
202,fm_s8ABz
203,o#sI1Zg4
204,2)8U)CtB
205,(^_2tHuh
206,&5C!xZ@b
207,(98Hvyfr
208,G#2!9JtM
209,+M0n8IPo
210,Yw^1QkDJ
211,$%q1t7Qo
212,It()7JQo
213,H7@60J8o
214,p*g5Gtvd
215,p#3WG5Sh
216,!U9T0Cqz
217,T+P#0Ars
218,#x#3Sc4r
219,(4DCWCNn
220,VI+7X9)e
221,$N4Xezwf
222,$75hAR1d
223,O(^E8K*v
224,2&3a0PtL
225,T@Hsb3Gz
226,SQ^76E9k
227,*5ByW!wQ
228,(5zMGlhH
229,&rIO12Ep
230,r*2#CKvP
231,A#@7Xxgc
232,Z)e5YMqJ
233,a!#4YWuv
234,E^S71B#y
235,!1$0BMWh
236,+0Vb47i5
237,@z8C7Scg
238,%#1GwWIz
239,M#^6PmQN
240,_&^!D5Rp
241,u)2c6DDh
242,*w4Bw61@
243,&4W*HHra
244,vS!1Kui@
245,+Z8FsCSw
246,+K6P6HcZ
247,M@3nGlfy
248,1%2B59y)
249,c$8P7M)h
250,)V3FdDaR
251,$*29zGZs
252,xX)8NzpA
253,*D_!9Bum
254,%A6$)ZHc
255,Lw%4yQYk
256,%0(KKBpJ
257,(vw)4PbN
258,+5Kk%Xga
259,b#^D6OYe
260,a#3c)QuP
261,$n9NGwIb
262,S!oa6TCt
263,T$8SltBB
264,)x86CdL1
265,Y(7LjGoi
266,8#&6JhQH
267,)D&#Y7Ub
268,*X1V2R2f
269,&8GTdMQx
270,1M_$7Lmk
271,l^j4ZB(t
272,$0Iaz_Ru
273,)V82nCo0
274,(0bTYXpd
275,!!2ZdKtz
276,(+8UpRWs
277,_E^8J4xh
278,f)3eYENk
279,%3BJyLxy
280,1)H2JNBo
281,&!1A&QEk
282,g9+&5Nih
283,(6D*b_lS
284,k$0XuFt(
285,)w6KCrjJ
286,b&6zB5!d
287,$f12&Dzy
288,(5K9bEsm
289,*%8Cydn#
290,w@9wsaLu
291,5+f*X1Ur
292,&k4K%RCc
293,x^56BIKa
294,^Ks5UjHV
295,l+!9Xpd1
296,1U+6EePZ
297,^PE54HGt
298,+BIS3uZi
299,&2o3K0iM
300,xS&6XbXJ
301,m!9w!0Xz
302,B^6t4hRb
303,zD^69cGa
304,#4!VEgsP
305,Rr&4F2Nu
306,C4#R4DzN
307,ph!g0rRv
308,7(8%YtVU
309,rcd@2Rqw
310,6$5b(TyV
311,c47+1PBr
312,%o5JDOCy
313,(@9P8m*#
314,Y(M6RHi&
315,+Uqe7lEv
316,7(B05Jm(
317,g!^w7Ft*
318,!z3QrrPl
319,U_3nJfet
320,$n2Qfe79
321,q@#2gEBy
322,1@9BNT_o
323,f!4F0*cf
324,5ZAe%0Ru
325,pFC(0SNh
326,_N#9F7ai
327,%9YBhNN&
328,1&6X@Usw
329,4@G3YqOc
330,)7^B6Koi
331,#5vA3fWi
332,(#9DN#qi
333,!09FkJ*j
334,_Z5s2Pi5
335,jt^p8UNr
336,*3T#eeO^
337,^0)dO%qy
338,#i8C^H)y
339,)!2eVpn(
340,+u^0bwUf
341,BqJ*e6Gi
342,)E2FId#_
343,K(9NJtZY
344,^1#QaOah
345,_28LlDb%
346,^La0J7ul
347,k6j(K0Hl
348,_o$f5F^l
349,^56mpOtQ
350,$7UrqDmw
351,^^_u06Ns
352,q%@1DkRz
353,%7WgjEmk
354,^K7t8Z7g
355,H*A4!3Gd
356,9W^Ft3Uo
357,3$A5qCOw
358,QC3)3dUx
359,pO@3bpTe
360,s_7Opvyo
361,z!Nl9X9m
362,&@0xvTzo
363,4z!y7FhZ
364,O*5FeQbP
365,T+5a70If
366,(q2%D3Yf
367,&v%2FY_s
368,S%4Yywk8
369,(1BcWi$k
370,p9#V42Rl
371,(_3HNy6&
372,!2LAHWgV
373,V%i^0Nl7
374,a%w8H@km
375,&Z4PGwmR
376,r%E5p&Ds
377,6@1J0Qsg
378,^xv0cMmj
379,+0F8%HeJ
380,4TA@1nUd
381,@V9f4G#i
382,&0WamD*C
383,hw&6TNXi
384,&5LjAG5b
385,%2YkQA!m
386,)zai8eOw
387,Q^8mJgHd
388,9*1B%6Pp
389,%#5MjRds
390,16$0A*Ym
391,4%3PHmkH
392,a_%5uU8a
393,)V6Vb@ec
394,&ax3R(Cq
395,!F9ZN7Mf
396,^J*w4D%q
397,y5!m9Wns
398,_it5)VsH
399,$^1WQL4c
400,^3Um9afv
401,VG#d1*Uu
402,K#5EDLVz
403,+e9oL2kF
404,!%0I)fC!
405,#P2Oefu_
406,+)Ks7_Kb
407,!$(164Gk
408,*sD0HbJg
409,P)Y79Ceo
410,*7VaXaH&
411,m@bq1Njp
412,(5GiKakN
413,!YB1Gvsh
414,^1NJU!)o
415,*2Ekib_k
416,9@7efH^b
417,!M5Hd966
418,h_*0Bt2G
419,4!7R1Tn9
420,+r0j4Idf
421,M3+62QDx
422,*8FhrLe7
423,%YKA@5Za
424,*5ENLxRQ
425,$Iw4G9vl
426,G!1MVrYs
427,5@U%3WjI
428,6z^iM8Dy
429,80B&4YAp
430,(8A1C9$i
431,M&y2$JIf
432,(1r!9KKs
433,)RQz_6Ou
434,m+4V6Pe(
435,(0AVU!ph
436,3$vp3(Hx
437,%ouS3GWh
438,+W2gUp%+
439,p%_a9Kd0
440,^l4ssRdq
441,(4DJrm)o
442,%(2!Nks$
443,w%l0YIaP
444,8#4tGfcO
445,b+aI9Lvl
446,AK3@6YxE
447,#@h*3ZNo
448,N*26Gxfi
449,p@&1rBey
450,dZ^7iA9w
451,!32QkNAl
452,h%Qt9Ti3
453,$T9_R$Tz
454,#F7H)%h9
455,+72SB^)y
456,)3O+yxRz
457,&L)3WVzZ
458,(8I2z9Nx
459,9h*5GHUv
460,@9Sd!1Iw
461,Dis!2VWg
462,*Ln4K4Ua
463,j2+2Ko*y
464,!33Ep(Zj
465,!U*6%SrN
466,nv%7Whb3
467,(Y159Jgw
468,W(C!L0Ta
469,#0J8@bFo
470,Si$ii9Qz
471,$5Dw&OBv
472,*%6B$sF6
473,JU_b6Ymd
474,*6PoBFxz
475,%6RT4*cn
476,y+b5DDu2
477,P!86SW1r
478,4pmc$7Zp
479,UQ(3J4lT
480,%)8FTRsr
481,H$f+5Avr
482,)W7VUv+f
483,*1RDFt4f
484,*9INAz^y
485,!1cY*6Yw
486,+3S6B)y1
487,)6RXodDZ
488,@9!SqTKi
489,i*4wQNo&
490,*5a8nPKw
491,^Gpt1Qhj
492,&838Glmm
493,H@e5WIKa
494,qYv)8wAq
495,4%P5UkJt
496,L5OL(7Ky
497,N)J2N1kf
498,^%O5zMSs
499,+ag383Nu
500,*3HGMrHv
501,_@V8STm2
502,@1U2%PfN
503,lxoH@0Jq
504,9^6MA_x1
505,h&9XHo1y
506,*7E93Btg
507,(7ZeOv@a
508,Fsf_1hJc
509,n4(7JQBc
510,2W)2Uh2s
511,_4MCRLRx
512,^T1SrEDb
513,%5#CjfOf
514,*Q4G&W+q
515,N$z7ByTO
516,&og4oFvy
517,SG%17MVg
518,+c#6z0Do
519,v*9uTsBQ
520,)!4GHudz
521,u#0Go!cl
522,(%1QAaeQ
523,(7UBDjbY
524,)01JoKLz
525,*l9KFI^i
526,h^6MI@uw
527,f^zW0nXn
528,y#5FYXxP
529,+9Ja*5VR
530,!39)Nmd(
531,!4TfNk9x
532,&T69Tbv8
533,U^&0Yzwm
534,_#1^+G4c
535,%#aK9mHf
536,+6rEp2K5
537,_To8Gn5q
538,+3$7NxPQ
539,_2LV)lBp
540,*#)+g0Hs
541,#3YstaMc
542,v_4Hgmg1
543,)g1oJm5A
544,L(9kOGh6
545,&WD12P#d
546,o+1BNeq6
547,$n(W5USh
548,9H%8NmB$
549,@+6#BHvm
550,t^*%B0Bp
551,+*6+Azrv
552,^K2E3Qyj
553,N&&4CEGh
554,!5NHD+gS
555,^3U3P3Oz
556,G)^2iTQq
557,a(ZmF0Fr
558,@7v3dIg*
559,&3S0XUb6
560,@FkJ8IWp
561,$A5HG4Ah
562,(b1SYLw8
563,zx$1Ao!m
564,)6tzOGkt
565,+1m8IG@r
566,Gw@l2eLc
567,*W9I1*yM
568,n^8F2mqg
569,@a)j8+Fq
570,Q@3GWHwb
571,O$47RtwL
572,0)A24PGj
573,)27xVSvh
574,@u4EJiB#
575,M0u(S4Uk
576,qPB)2BJi
577,&8Nb%UGl
578,Q%3YJ0oC
579,@kZ17Sws
580,w@u5jW(e
581,!%T3DyQf
582,$4J4$Ben
583,zZ!)9Kcp
584,@v3rWa+o
585,+B&6i!Jn
586,i&j3JWtz
587,%5ZIgdtK
588,(5LzDcll
589,SH!5COdh
590,n_4pYF4a
591,qNS+7SXr
592,+_lN3Kwz
593,(1RS*HkH
594,^+3Bck1d
595,(g(3HdPg
596,6_^6Fi55
597,&D9sHPyN
598,M)+0uF6q
599,!4CJiinx
600,H%s78Wm1
601,8k@(3CWa
602,rk*h4)Es
603,Crz^2J&n
604,&5beyWde
605,_8EFN)cx
606,#Z8I8U(v
607,c*d$6FdJ
608,r(H7Mjgs
609,#&2(R2k#
610,5^7_@DOv
611,$^&c6iIb
612,0&!9Q)kv
613,Y*0#sHwn
614,4^5Q0SAb
615,_U5&vjKu
616,()4zEla3
617,3^9NtYic
618,v&8KeJmC
619,)E6hYL&o
620,+!!4Otb9
621,$j+6HROb
622,#kEX@4Ga
623,+7uswRku
624,u)N2B2@s
625,(6qNX6d5
626,(66wCyU9
627,&3nRdQrI
628,%52MGUm3
629,k@Pq2QoQ
630,y#!V0UqC
631,bo#0LI$k
632,C#2Ru!X3
633,#N%8Wzgy
634,(CA79MSa
635,Z^PS4Lmx
636,@B%M2Tu5
637,@m0HpBwm
638,x%ZD*3Ql
639,O*&^3PiY
640,R5$0hExz
641,k*117Eca
642,@t91xXAu
643,^$J8Jwkj
644,GEH!5Era
645,&(72ZS$e
646,_l33Ahxc
647,4Z@2QKp$
648,^4bBKpkG
649,@LB_&8Rc
650,$9IujF3S
651,q*74G!ay
652,8#c4AZDi
653,&6HZiyZq
654,+9lUudBa
655,^i1Ylpgw
656,#1gnIIVp
657,@B4KhDh6
658,J@21RQk%
659,b#n3Npsr
660,0&#8XKyr
661,!k9S3+fd
662,(8F!GeO%
663,n^9Z$Nny
664,cg)98OyJ
665,*aNfv7Rx
666,_3as&Rol
667,T^9F^(dF
668,_2yMfo3t
669,%nN5Mgt$
670,8Y@s5FRf
671,Y$)0PPmo
672,L(5CInwj
673,B%X9UVgf
674,#8q3IcJL
675,#75GTbOt
676,_Q4D8PBk
677,@P2P&6Wb
678,&pen5tMb
679,&8c)rG@p
680,E^7%E4_n
681,I(q0NAzG
682,j%E4V^nx
683,+x6SnoDr
684,q6_7U3se
685,@$3Cu&l6
686,B@7TN@So
687,A+4eBvtA
688,B_&P56Yq
689,)&o6+FPq
690,qs6$S7Fa
691,&AZ0^FqD
692,$W9vvfJz
693,@b6Nh!IE
694,T)f67HUs
695,!3UNqs48
696,$18Xa5en
697,m%#5Fb&d
698,_7!2UIqO
699,@L8WHoAa
700,!Kr4UGxO
701,!3)vR_vd
702,P*3KrvIx
703,#6BB1Pd0
704,b(6SeGEw
705,p_0ycUy1
706,(7c%UxEU
707,+)U19Is(
708,&0WTOPhQ
709,z5_$8Dls
710,Cc*$0Sny
711,$Tp$4iRh
712,!2HHP&z^
713,$6VdPA(_
714,Y+_7XxeC
715,^^n1N7l%
716,(9RJCbOT
717,)I51Yc8g
718,&7aoPPr4
719,@h#73J$v
720,&H9gPCTt
721,+5K5qkw^
722,^5Shuceb
723,+c_*1EUn
724,)c3cWLeM
725,!93XJTuf
726,!6%6O6pr
727,_1wsEH&h
728,!6IN^h4D
729,%0AMixxp
730,(#L76^Pm
731,i)Ux7Hw5
732,(3G4U5if
733,4t^87H#b
734,!8UpXk1&
735,j#z8puXz
736,@s+&1VLw
737,^_9ZeWn+
738,FFr)6C#o
739,+0A!Z(Af
740,F6*p9+Mr
741,t%7Ls%ea
742,M(SoE9Bv
743,@U3DxOhc
744,+0CwFhLF
745,HdF+M7Yl
746,@^1og9Gu
747,S0_7DKeW
748,T@0ANyCs
749,#bG5H0bu
750,H5#+75Gl
751,n@2cFIIr
752,&s5(EIa8
753,lK%8GxZt
754,O!04B*og
755,(3Z)Nfiq
756,J*3Zrucw
757,!_Bp8Fau
758,(19XQvhk
759,VG)$1xMc
760,$4Nwl)+!
761,&Aa$5MRv
762,s^&d8BQy
763,@^%)5ZVl
764,)WI3yMb$
765,@8lMPMXg
766,%o6bGrp4
767,^5Ir5SwU
768,)M3Ljzee
769,#4NO*maC
770,h4!89Xro
771,_pL1XjQI
772,y%e0BDfD
773,k!&j9YtB
774,(U2PKmrx
775,#2OTONud
776,%6Xj11Ji
777,^V%4Fmw@
778,+kE$9!Nb
779,bg)8FWp*
780,_R1m$9Nk
781,r#9AcCu&
782,xG!#5Sbl
783,(5DQcy$n
784,rm6@1MFu
785,(zB2W$%h
786,$S9QmQpV
787,N$W$$6Ed
788,Q!U8Q8io
789,7^23GxTK
790,^58^RYMm
791,p*a44Jsr
792,+6XSikeD
793,Q#)1Vzdj
794,#3Xy65OQ
795,#2Ygxhn$
796,+4kYOl+v
797,X@K4qIfo
798,Y+9TitEU
799,H6(7UekS
800,+26xDrun
801,x!)h91Ry
802,&9DYg6Je
803,(B7t4Cbe
804,#HI8TBOs
805,&3rnYbi)
806,!I4Mu^0u
807,L@2SfzW%
808,qo)X4+Rj
809,)7kSv*PI
810,k)3Wu8ex
811,VfVV^5Ni
812,+7TdU_5h
813,(&2gYS+r
814,pC^9Jdg4
815,#G4lIx&U
816,bE&G5GWh
817,#*H7uLko
818,%9#RZ0lQ
819,%L2OsAfW
820,__z0(&Su
821,^*6#R%nc
822,)jI6qGk+
823,VLa+1DId
824,o%$1LMJd
825,&8r)TK6x
826,l*7LsKnb
827,&28dMWb+
828,&7(3nAku
829,&d4P2DDi
830,H#c0GYm)
831,U&)D#1Yk
832,&a@p5Yt8
833,H)rh06Gz
834,P3^1Ls9b
835,+X9AoRDa
836,%68URYdQ
837,0J#8Yi)8
838,)KM7VUsP
839,c^+87R6l
840,wA^y42Zp
841,04$38D1v
842,I%2_+9Ga
843,^jMv4Ih3
844,%301NuKV
845,gk%2MbnH
846,!1i8Aps!
847,^K94_mRz
848,VA)4_KTc
849,OkZ%6TNb
850,@*A8DtEx
851,!9WQ$5j#
852,+0M9B3Ph
853,!vD5QTh$
854,&f5YvIhc
855,D$x3Wvqd
856,@86yFo+m
857,GG!aN4Qw
858,%1VMZfaK
859,g0(m9J1r
860,JsVb^1Qx
861,!2zdAqao
862,aJK$5IMr
863,V+4Fxxg9
864,(d7+YkD*
865,*3YuORsw
866,!4ZkdFaj
867,+h#1N1pk
868,B$J6_Mlh
869,&9DkMqn_
870,+j222Qk6
871,&L9kyY%v
872,GN)4hSZd
873,(i5WvJKg
874,!1PYsGvG
875,Vaa_6Wij
876,*!mN4FzF
877,$0*5)MFo
878,zN)(2Tfc
879,^2ixTBj0
880,2$!1uN&c
881,w+E6!Eop
882,!2Z5kmr+
883,&6kV8Btj
884,^1Arin8f
885,R)*4KGEo
886,(O0*VG2y
887,X(k8P&Pe
888,z_%5Lhdf
889,^m93MRqB
890,%6Af^bnY
891,DsQ*s7Nc
892,p^as9Tim
893,#6DJtoce
894,$3UZA6vf
895,@5Sy)$JK
896,9n!@6HEe
897,h$2URiT^
898,)3Bsi$g5
899,i(08iGOg
900,b$@5CpFK
901,#(2Pzmt9
902,)8f(PcRA
903,M*$w8FQj
904,Z+7RZNRo
905,D#X8rMId
906,%p34SsqX
907,$h*6FXc7
908,Z$4JWH6m
909,+T67$U%g
910,a(%6QwOC
911,!Tl0(_Pf
912,%9hY*ZeI
913,+)0Jzcv)
914,Gg)6Q*bP
915,@6p0xBrl
916,h_D1*TBv
917,D5d*0TDl
918,m&4dNHQy
919,@hWF6pXu
920,r)hD5Cr_
921,+v2P4Fz#
922,!p)C8XIc
923,*csa6Udo
924,LM&^+0Aj
925,&8QgjGNr
926,t(M2m8Sn
927,&8IzgD$1
928,+E1pFBse
929,Q%NO8C1v
930,v*7O_sL$
931,m#4BILIk
932,%3F&dyqQ
933,3i@7FGjv
934,%396Tf@Y
935,*^Du5IdJ
936,!lQw5sKw
937,u_6$uTAf
938,p)Xf8Rqi
939,)E@4tL(f
940,&x6N2xa$
941,cL!6YmW3
942,#2ODxe55
943,+8xHgiEQ
944,3(3$ESkq
945,O(mK8MYl
946,J)a1Cooi
947,*a2YtGAf
948,+3Hci51g
949,@mO8GQad
950,$6MhgJOV
951,(J7Bw&DM
952,U$Q*9BdY
953,Wc)7O7Ch
954,h+lhC2Xv
955,#VN77Tp$
956,%2PM^WQl
957,kyQ_7gKj
958,k!V65MLy
959,re@y1GHh
960,Zt*7PDmv
961,)8Mqy_6d
962,#q5LRpVu
963,C@e50Tgc
964,+5kB)(Cg
965,(Z2#2Bs3
966,!7lTc&PF
967,(krJ7Olx
968,!0KZjZxK
969,Lkz(v6Vf
970,(d72NkOr
971,)e&CX7Nx
972,^$w5HLnd
973,sTfG_2Fm
974,)+9ahVzr
975,#6$rfU@q
976,%_3Fdi$U
977,F^!q4TWp
978,sP+6sYAo
979,#_x9F5bz
980,d@^_H4Eo
981,_7nWTVjc
982,!@%10QVt
983,x(_25Ueq
984,u$2AxUha
985,_H5ZxlbO
986,!4A7pSSq
987,j)Z_Y1Yz
988,@614U8ya
989,d+_1iIkC
990,#79beFu6
991,M_Q0EAVj
992,(q1Dm!mC
993,lw&H@9Cs
994,Z$p4O^Gq
995,U&9jG@fA
996,0!80ApxQ
997,u_CMf7Xq
998,ka$H2Pml
999,4g@4UX9c
1000,i@Q@54Im
1001,d%90X5mb
1002,)&US@8Bv
1003,+Mh+#8Ev
1004,$0G8ol2o
1005,@#l$3YRo
1006,Ng)8WqJ_
1007,RC#2QOTg
1008,(G83WGNr
1009,_7(1A)a%
1010,w!u6yNvO
1011,4X@7MPix
1012,M@0XsuY5
1013,)4H8Lbuw
1014,+qH29RfU
1015,#IW8RDb^
1016,7r+39XxK
1017,FP!F6Zes
1018,U)70ZM$q
1019,(7zaQRe5
1020,%eg8oLxp
1021,!8$JDRpe
1022,k#3Z6Mkw
1023,#10WI^Dt
1024,5(*0S#Lz
1025,#j4m(VOr
1026,i%pM14Ki
1027,d#4Wv8Qy
1028,BX_7M#j&
1029,Y^AR0oTe
1030,_P7UZKcd
1031,e$5GJ5Ut
1032,I#*2yNhG
1033,$nw7J8bm
1034,^^f7Ub@c
1035,C9%NL9Kz
1036,&1KKdKNp
1037,e)7L*uly
1038,@24S_iu5
1039,xm+0WAje
1040,$O5*VOlh
1041,m+9QXads
1042,$8r5W*rJ
1043,$w89MdJT
1044,6!0nzFwl
1045,%1%fMmg_
1046,J^EX85Fc
1047,*Z1(Msmn
1048,&5CNE7gs
1049,*uV1KOx4
1050,p*1fUBnk
1051,+9l3($Nd
1052,X%53Ne7e
1053,n(8DXkJ+
1054,^8BlCYlF
1055,#dg1zBBt
1056,M@oW5Jc(
1057,*c9rr@Yh
1058,*ft8EbfU
1059,+b9T$fbs
1060,^Eg4^Vej
1061,+v3jTpea
1062,c+7rVGwM
1063,e+)1iHat
1064,#c62K2Ia
1065,)X86RcEm
1066,95#cV9Mn
1067,&xE2Mv2(
1068,I*0ZQOv&
1069,W+%8eSNq
1070,&0@k&CKq
1071,((T6CcFg
1072,W)m80Nd!
1073,*Pv3^Y3r
1074,Ao%0QzC%
1075,Bp!U2TaP
1076,H%64NSj1
1077,(60Iu9m+
1078,p8t&6Xgc
1079,*+4FIVQj
1080,%T3VIJlv
1081,J#j7OFu!
1082,^5imBEl!
1083,@pL3MGCv
1084,($82UB_y
1085,%&9ugBgV
1086,^@1zL%zc
1087,!EG7LVIp
1088,k#*2eyGr
1089,5x+w3PCi
1090,3&C6Mr+5
1091,N*Z!8hJr
1092,F$Kn8Gwh
1093,Ta$3kHq3
1094,O)9XzZl9
1095,&9NQ((Oa
1096,5y!d*7Lt
1097,c^a1GQu#
1098,e$5(FX#x
1099,qG&3wQkr
1100,%23DgOiL
1101,T+M5hM(d
1102,zx@a#1Ex
1103,CJ$5s4Yt
1104,#D9F0ywt
1105,#9_qKqdh
1106,$8J$zWCg
1107,!7E1qKbn
1108,$_s3FsL_
1109,P+a4HGSf
1110,+6Ils2fI
1111,*07BxEGz
1112,0p@77XdO
1113,#5*W1oY5
1114,_^o8oYDp
1115,R4!4Nu2t
1116,%8_y&FiF
1117,Z(U7Mzpu
1118,lc#4W*kN
1119,(L4HNhU!
1120,4!9SUdqw
1121,&7R7SFsy
1122,jj*9Y$x)
1123,#30W0Wsp
1124,(8mEQvuP
1125,%1RDG5Sa
1126,m^7JEFty
1127,#9bCOY2e
1128,#6L7Jt0f
1129,&5LyHNvt
1130,+(5!0aZy
1131,&7pTrGQe
1132,z_A7iWiv
1133,$vS3neMj
1134,#4lAPeHd
1135,3&155O8k
1136,@9We*fhl
1137,*y64Drxt
1138,_6Hzs$js
1139,k%9YhKgz
1140,%Hf0^Zvf
1141,+@G2Rak1
1142,+8IvodKb
1143,$b3EhxD8
1144,@i17YyxI
1145,^+0AILyx
1146,+6NXJ9bg
1147,%0aaNsfg
1148,*+63Q4i^
1149,D)m133Om
1150,e&9D*MZi
1151,&0BquDMV
1152,%LGOy3Dz
1153,&a@4Vei%
1154,5_6@UIb%
1155,jS#2Fcbm
1156,%h9jL5Vt
1157,Ij(8K%bI
1158,+H5Qn(vD
1159,*0_MWV+a
1160,D@V8Uph&
1161,F*7L)(Fu
1162,2(15CTJx
1163,5^3LwAwa
1164,@1ZhBXuD
1165,M)u2NjcU
1166,l(936Xve
1167,x!^FF8Pt
1168,Q$BI7D1s
1169,G^Aa0QNq
1170,5+0h!BNq
1171,(E#2DzPG
1172,^7oT6VEj
1173,%1LZLaCE
1174,S#a0Qp6j
1175,4&2Jr3Nr
1176,)6NJo@wV
1177,)08aP@Rr
1178,(V+o3Iap
1179,x)7UBSNk
1180,+r!1JdCe
1181,&4!15B)d
1182,^S(%H9Eb
1183,$8_tBvOj
1184,*&5Adztq
1185,&+9uUxoc
1186,^IE&6V4m
1187,*67qIIad
1188,$ZHR7Pe*
1189,%(@bp4Ih
1190,+8Xk@_sK
1191,I#qV!2Kv
1192,+o51dR5f
1193,x@r3DGuA
1194,)84!H+#e
1195,BRi_3FqS
1196,d$8CvK($
1197,7(5vM1Do
1198,+80LCYFt
1199,v)0Usndr
1200,Xu_y8LAn
1201,_0c2TjEa
1202,X_#66PKo
1203,+B0X+dIv
1204,#ke19dQt
1205,!%n6Knl5
1206,#xS1mIBd
1207,_7MNaLfk
1208,uVy^1bNr
1209,Q_6OeVoG
1210,V!9T0PXp
1211,o+8BxdUh
1212,&8Jr81Rz
1213,*Wr5PrtX
1214,V^&8VGh7
1215,Dr@2vNlf
1216,*V45Pn5d
1217,&p8Gxyiw
1218,87qV*7Qi
1219,o(*_6QRn
1220,L(k6oTUi
1221,y2^02GgA
1222,%G48Cvrv
1223,p!1WXjBm
1224,#zT3w1Nt
1225,l)4)@Pot
1226,^Djw1Jzk
1227,(v&2YXcU
1228,^6VyMF^z
1229,R^$T6AdO
1230,7%A0PPf1
1231,A*5KngWJ
1232,$3)iLD_l
1233,E@&6gEip
1234,UR!0f1Pd
1235,B8%0FRSk
1236,1%)5H^qu
1237,&3OmpHIz
1238,!75kISFe
1239,c^8OeNno
1240,#Ib*1nAa
1241,^(5WnQ_r
1242,$%5tEm9g
1243,@0VjmOaO
1244,eP@4@VRp
1245,a)96X^v(
1246,#0P#rBn(
1247,u+^t6cFs
1248,_5NYr*fl
1249,%3jTj$ty
1250,Z4$7HbkF
1251,u^2Scl7B
1252,!52WjAuA
1253,_t9$xaEc
1254,0N3*14Mv
1255,$5Ft$iQL
1256,V)_3Fvyw
1257,o8_8v3Mb
1258,k^4a8!Fm
1259,$g5@KrEz
1260,!tc2oMzR
1261,Wx6@9Iic
1262,+&4Xilqf
1263,+f0_j7Yv
1264,^v0pFvVN
1265,*3Itno9s
1266,Y&56GXxo
1267,+7!+8HjC
1268,@xg^8pDr
1269,Be@4d2Fk
1270,*)8Fn^WX
1271,*0OC0mCh
1272,_L425W3u
1273,^^M1Zfvu
1274,&51AOwd(
1275,#cp1kGmR
1276,Xn)5iOrs
1277,pt_41Nl)
1278,Eg#6)AVi
1279,#O1tW5tj
1280,*J6Pvwq0
1281,O)3cTs&k
1282,@#9Owg5b
1283,%01+M6Pz
1284,_(3^heIk
1285,!0Q^jVdE
1286,#66&QjWk
1287,&Y4qQ5^n
1288,9_T9hSt5
1289,(22(K*rZ
1290,y4&3K9o7
1291,&G90uGTy
1292,&j5S@9So
1293,$5NvQ8Sv
1294,@6e@P#tq
1295,#5+d5Dip
1296,x)2HFF2p
1297,#7VT0xh_
1298,uOJ(7$Zv
1299,d!(5@vUw
1300,*a2ZY(ys
1301,2U)6ItfP
1302,!5tHZJpf
1303,&e5MU*tq
1304,$^!F8LZu
1305,E)0eCOLr
1306,@U6QFd9O
1307,(g11uMdF
1308,+1iQPa6a
1309,Yy@9Otvb
1310,*u#4U2gS
1311,(88YcJoJ
1312,^s8GLlLZ
1313,p^6DcS#i
1314,I#RH7Ls6
1315,S@$2C*rs
1316,$5WcDnTp
1317,%@1Nv*eH
1318,S^@n1zTw
1319,@e2GFrAu
1320,^y*5FQm8
1321,j&7JHj5v
1322,(f6OTz*r
1323,s#)0HVgu
1324,%Bn85Kvn
1325,G$79O(b&
1326,r$3F32Vq
1327,K%16nmKv
1328,kGc(5TzI
1329,@oYR8OIg
1330,!G+8yYCe
1331,i3&8uTkR
1332,%e@01QrE
1333,_r^b0Zig
1334,rupp_9Mv
1335,^74AC9&p
1336,#$2EyYHf
1337,R+4RHFPi
1338,a$5RWqqF
1339,Jd#0YiU2
1340,Yd$*9Zmv
1341,+U1P2dFx
1342,#0O@nn*B
1343,^02PCFi9
1344,E)6Lbvm8
1345,1qy_8Hha
1346,H#0RN03o
1347,!S26PsYb
1348,$1CnV@+B
1349,%@Ky9Ajm
1350,^M5LcwZU
1351,#*0WMrF3
1352,@o56vNIc
1353,G#4g2rEd
1354,^FG6P5gX
1355,K^Ds9Va!
1356,%gf3J1$s
1357,#X79Vxy3
1358,(8YYZze9
1359,_@7AGE^h
1360,#8(VSrrZ
1361,F^(!3NVq
1362,5)+d1sKo
1363,@5b1JmEw
1364,1*8Kv6I!
1365,#c2HbZEt
1366,c@!0BlaM
1367,!c0G7WDn
1368,k+X5M(rQ
1369,y*2Eg2er
1370,!H1YbMcZ
1371,%feo$3Jb
1372,f$Z8F#fa
1373,@t$7Gzw4
1374,w&8CAkcB
1375,#Ly1aWm%
1376,(3LBlrD7
1377,E*+#8E1j
1378,J&9THxr(
1379,t#h3ZrOJ
1380,#I2GIzoA
1381,%2&L@nFS
1382,6V^A1Eiw
1383,e!Rs22Sr
1384,!4H9O7^s
1385,+30Wdx6+
1386,#&0LQcqc
1387,5)K7Rr_r
1388,ULAV+6Wy
1389,sH%3QTtG
1390,9&O12tQz
1391,&!6W@I1q
1392,^0Gukfl@
1393,C&Zpl8Kp
1394,0)&1cPHp
1395,$9dhAj_g
1396,^7WEShw$
1397,4!H2ClEw
1398,_k5S$0nr
1399,_53AoJE1
1400,fK^+2JOr
1401,g(l1GnRo
1402,a#5+QOtp
1403,Wg&5F(Ic
1404,#4Z+8Ith
1405,u)e2OntR
1406,*7Czo!!X
1407,*F6OQkEH
1408,%c4qZ4Lt
1409,#7xX)Pj0
1410,M_+7EfVR
1411,UXC*r7En
1412,u&*0Ukku
1413,D4t)9Xl!
1414,(ev2VJ6i
1415,_4S(Js%w
1416,&4P(Ftt!
1417,7(2SnjR%
1418,r@3GlD#f
1419,3!)9Q2xA
1420,^T5IVhxr
1421,(8YAcs+3
1422,o#h*7YeV
1423,71(2RA(n
1424,N_22ZBZf
1425,NbW_9VqT
1426,QH_ak2Dw
1427,$e38qJRj
1428,@$u9jCKp
1429,7*+1O1iq
1430,FX2!4XnK
1431,&1aROr0S
1432,*9a^iTbc
1433,RX+U8FjP
1434,j^3b7AqI
1435,$7)jALXn
1436,@D9Nxi1Y
1437,3#8FP5uq
1438,+8#OlYp#
1439,!%3J&CUt
1440,1K!)5Osf
1441,*57KIWcd
1442,*4R&9OaI
1443,GL!8KQvf
1444,^c1EYs2M
1445,Us%0Vkc8
1446,Lx)4OOlo
1447,MV*5Y^(a
1448,U!83MuMt
1449,(5C+j^oo
1450,gI(d6oCw
1451,_K2cN4lH
1452,t^0G^Hc3
1453,3*9vLn59
1454,%HE8CP3m
1455,9%3Ub*cC
1456,%Dvr5Guk
1457,^u1@4SuB
1458,!P57LsfC
1459,_9HnLfAm
1460,*L8^HJNu
1461,+2U&eNzv
1462,+(v*B2Cy
1463,f+U9FJt(
1464,$q4U(dMg
1465,X@8dOhDk
1466,zT^@3K#n
1467,M+)ak6Gh
1468,)^19F!f1
1469,jL)S6Gam
1470,$8y@GJan
1471,&ja%E2Dk
1472,*7lFk7Dy
1473,6_96FCEa
1474,HN6)4C+p
1475,b#&4SIsq
1476,)c7f3RuR
1477,%BK2Oixc
1478,*mu1D6mj
1479,S$1VPz!l
1480,8%7Cq$u1
1481,*0%SAQxa
1482,FW(z4xEm
1483,h#Y4fIx$
1484,f)8Hqx$y
1485,@9U_IEv&
1486,Ol$^74Lv
1487,^s9oTp%x
1488,_!9MLMub
1489,L#h6Qj3R
1490,tfu*7DIj
1491,p$4Mo!Sr
1492,nn+7Ff4A
1493,q!6dM8Fi
1494,o%2S_qac
1495,^7Q&9Shy
1496,r!r1XYxR
1497,x@7ek5Ra
1498,+4#X7kIb
1499,7(589Iih
1500,O_0OH8eP
